year,Site,Site,ActivityStartDate,date_yearmon,Chlorophyll.a,Weight,Temperature.oC,pH,TN.ug/l,TP.ug/l,Q.Anomaly,Days.Since.Freshet
2008,Clark Fork River above Flathead,FH,8/1/2008,8-Aug,4.333333333,3.876470588,19.46666667,8.676666667,149.333333,8.5,2.453788982,82
2008,Clark Fork River above Flathead,FH,9/1/2008,8-Sep,13.3,4.15,16.45,8.865,214,9.5,2.453788982,109
2009,Clark Fork River above Flathead,FH,8/2/2009,9-Aug,23.04761905,8,22.1,8.29,136,10.68666667,2.36632056,70
2009,Clark Fork River above Flathead,FH,9/5/2009,9-Sep,51.61904762,19.1,22.1,8.29,136,10.68666667,2.36632056,98
2010,Clark Fork River above Flathead,FH,8/1/2010,10-Aug,38.36363636,15.66666667,16.3,8.54,166.5,10.675,1.865009616,61
2010,Clark Fork River above Flathead,FH,9/10/2010,10-Sep,36.90952381,24,16.3,8.54,166.5,10.675,1.865009616,94
2011,Clark Fork River above Flathead,FH,8/2/2011,11-Aug,10,6.944444444,14.95,8.505,118.615,15.3,2.6845579,61
2011,Clark Fork River above Flathead,FH,9/4/2011,11-Sep,14.95238095,6.666666667,14.95,8.505,118.615,15.3,2.6845579,91
2012,Clark Fork River above Flathead,FH,8/1/2012,12-Aug,16.11111111,16.14,15.25,8.55,165.765,8.2,2.357954049,103
2012,Clark Fork River above Flathead,FH,9/2/2012,12-Sep,19.46153846,10.6,15.25,8.55,165.765,8.2,2.357954049,129
2013,Clark Fork River above Flathead,FH,7/31/2013,13-Jul,21.35714286,8.823529412,16.3,8.43,151.32,9.04,2.075644573,73
2013,Clark Fork River above Flathead,FH,8/31/2013,13-Aug,15.57142857,7.25,16.3,8.43,151.32,9.04,2.075644573,106
2014,Clark Fork River above Flathead,FH,8/15/2014,14-Aug,22.66666667,12.65294118,15.5,8.06,178.6666667,9.733333333,2.324186854,82
2015,Clark Fork River above Flathead,FH,8/2/2015,15-Aug,36.25,20.2,20.55,8.58,168.5,10.55,1.496592528,63
2015,Clark Fork River above Flathead,FH,9/6/2015,15-Sep,57.85714286,26.14285714,20.55,8.58,168.5,10.55,1.496592528,99
2016,Clark Fork River above Flathead,FH,7/29/2016,16-Jul,11.2,5.525,17,8.365,152.5,9.6,1.655429841,75
2016,Clark Fork River above Flathead,FH,9/3/2016,16-Sep,13.75,15.03333333,17,8.365,152.5,9.6,1.655429841,121
2017,Clark Fork River above Flathead,FH,8/1/2017,17-Aug,10.9,5.76875,19,8.305,182.5,7.9,2.132007164,63
2017,Clark Fork River above Flathead,FH,9/2/2017,17-Sep,20.43333333,11.72857143,19,8.305,182.5,7.9,2.132007164,95
2018,Clark Fork River above Flathead,FH,8/3/2018,18-Aug,15.92105263,7.945,13.75,8.215,133.5,12.55,2.804569958,88
2018,Clark Fork River above Flathead,FH,9/5/2018,18-Sep,29.8047619,13.1047619,13.75,8.215,133.5,12.55,2.804569958,118
2019,Clark Fork River above Flathead,FH,8/2/2019,19-Aug,16.581,9.007,15.2,8.46,136.6666667,8,2.352359844,79
2019,Clark Fork River above Flathead,FH,9/1/2019,19-Sep,24.56,10.465,15.2,8.46,136.6666667,8,2.352359844,111
2020,Clark Fork River above Flathead,FH,8/3/2020,20-Aug,16.75333333,8.275714286,19.2,8.075,120,6,2.377430107,76
2020,Clark Fork River above Flathead,FH,9/2/2020,20-Sep,16.49809524,8.197619048,19.2,8.075,120,6,2.377430107,107
2021,Clark Fork River above Flathead,FH,8/4/2021,21-Aug,19.4047619,9.538095238,18.1,8.36,130,8,2.043660463,64
2021,Clark Fork River above Flathead,FH,9/3/2021,21-Sep,50.76190476,19.23809524,,,193.3333333,33.66666667,2.043660463,93
2022,Clark Fork River above Flathead,FH,8/1/2022,22-Aug,7.713405882,4.041176471,15.05,8.24,150,6,2.168768617,54
2022,Clark Fork River above Flathead,FH,9/2/2022,22-Sep,20.48092381,9.674761905,15.05,8.24,150,6,2.168768617,87
2008,Clark Fork River above Little Blackfoot,GR,8/1/2008,8-Aug,129.1,102.315,,,,,,
2008,Clark Fork River above Little Blackfoot,GR,9/1/2008,8-Sep,134.8,36.17,,,,,,
2009,Clark Fork River above Little Blackfoot,GR,8/1/2009,9-Aug,102.2047619,95.22,17.73333333,8.35,262,35.73666667,2.293307493,67
2009,Clark Fork River above Little Blackfoot,GR,9/6/2009,9-Sep,126.2857143,60.65,17.73333333,8.35,262,35.73666667,2.293307493,98
2010,Clark Fork River above Little Blackfoot,GR,8/1/2010,10-Aug,64.14782609,67.80952381,14.53333333,8.443333333,363.3333333,88.53333333,2.708012802,48
2010,Clark Fork River above Little Blackfoot,GR,9/10/2010,10-Sep,119.4666667,59.95,14.53333333,8.443333333,363.3333333,88.53333333,2.708012802,83
2011,Clark Fork River above Little Blackfoot,GR,8/1/2011,11-Aug,50.66666667,13,11.8,8.565,305,51.56666667,3.079201436,59
2011,Clark Fork River above Little Blackfoot,GR,9/3/2011,11-Sep,65.26666667,16.66666667,11.8,8.565,305,51.56666667,3.079201436,90
2012,Clark Fork River above Little Blackfoot,GR,7/31/2012,12-Jul,85.19047619,72.61904762,,,290.65,48.0775,1.923538406,47
2012,Clark Fork River above Little Blackfoot,GR,9/1/2012,12-Sep,147.7619048,57.0952381,,,290.65,48.0775,1.923538406,89
2013,Clark Fork River above Little Blackfoot,GR,6/28/2013,13-Jun,63.13636364,61.95652174,14.9,8.265,269.29,27.52333333,1.207998038,29
2013,Clark Fork River above Little Blackfoot,GR,8/4/2013,13-Aug,196.8888889,107.0740741,14.9,8.265,269.29,27.52333333,1.207998038,69
2013,Clark Fork River above Little Blackfoot,GR,9/1/2013,13-Sep,150.0689655,71.71428571,14.9,8.265,269.29,27.52333333,1.207998038,96
2014,Clark Fork River above Little Blackfoot,GR,8/14/2014,14-Aug,95.61363636,105.9522727,18,8.325,263.3333333,31.4,1.903213656,46
2015,Clark Fork River above Little Blackfoot,GR,7/1/2015,15-Jul,75.12,135.88,11.5,8.2,212.5,24.03333333,1.728840331,30
2015,Clark Fork River above Little Blackfoot,GR,8/1/2015,15-Aug,312.1904762,183.5714286,11.5,8.2,212.5,24.03333333,1.728840331,63
2015,Clark Fork River above Little Blackfoot,GR,9/5/2015,15-Sep,129.1904762,45.85714286,11.5,8.2,212.5,24.03333333,1.728840331,98
2016,Clark Fork River above Little Blackfoot,GR,7/17/2016,16-Jul,195.4755556,170.2084444,11.2,8.24,279.6666667,30.16666667,1.488225391,49
2016,Clark Fork River above Little Blackfoot,GR,9/4/2016,16-Sep,125.1761905,52.92285714,11.2,8.24,279.6666667,30.16666667,1.488225391,102
2017,Clark Fork River above Little Blackfoot,GR,7/5/2017,17-Jul,34,27.72857143,10.9,8.23,321,17.4,2.610520028,25
2017,Clark Fork River above Little Blackfoot,GR,8/2/2017,17-Aug,116.2428571,167.6380952,10.9,8.23,321,17.4,2.610520028,54
2017,Clark Fork River above Little Blackfoot,GR,9/3/2017,17-Sep,77.34090909,139.9227273,10.9,8.23,321,17.4,2.610520028,84
2018,Clark Fork River above Little Blackfoot,GR,8/4/2018,18-Aug,94.70625,58.51875,12.9,8.285,337.3333333,28.06666667,3.01232038,50
2018,Clark Fork River above Little Blackfoot,GR,9/4/2018,18-Sep,229.275,69.89,12.9,8.285,337.3333333,28.06666667,3.01232038,78
2019,Clark Fork River above Little Blackfoot,GR,7/24/2019,19-Jul,34.06780522,47.52297297,19.7,8.65,310,37.5,2.293307493,64
2019,Clark Fork River above Little Blackfoot,GR,8/30/2019,19-Aug,141.5947368,54.61052632,19.7,8.65,310,37.5,2.293307493,98
2020,Clark Fork River above Little Blackfoot,GR,8/5/2020,20-Aug,105.9665,139.6645,,,240,20,2.748737084,59
2020,Clark Fork River above Little Blackfoot,GR,9/1/2020,20-Sep,147.9741667,66.27791667,,,240,20,2.748737084,88
2021,Clark Fork River above Little Blackfoot,GR,7/13/2021,21-Jul,99.66666667,59.95238095,,,260,30,1.461860813,39
2021,Clark Fork River above Little Blackfoot,GR,8/3/2021,21-Aug,238.8571429,61.80952381,,,260,30,1.461860813,63
2021,Clark Fork River above Little Blackfoot,GR,9/1/2021,21-Sep,144.8571429,46.80952381,,,260,30,1.461860813,92
2022,Clark Fork River above Little Blackfoot,GR,7/15/2022,22-Jul,51.61791579,74.10526316,21,8.585,205,34,1.848923611,34
2022,Clark Fork River above Little Blackfoot,GR,8/3/2022,22-Aug,75.09674762,115.0952381,21,8.585,205,34,1.848923611,56
2022,Clark Fork River above Little Blackfoot,GR,9/3/2022,22-Sep,99.26024091,102.8636364,21,8.585,205,34,1.848923611,87
2008,Clark Fork River above Missoula,MS,8/1/2008,8-Aug,76.23529412,34.37647059,,,,,2.551789158,81
2008,Clark Fork River above Missoula,MS,9/1/2008,8-Sep,80.19047619,19.74285714,,,,,2.551789158,108
2009,Clark Fork River above Missoula,MS,8/3/2009,9-Aug,116.952381,33.7,15.66666667,7.853333333,199.3333333,23.02333333,2.589483801,74
2009,Clark Fork River above Missoula,MS,9/4/2009,9-Sep,148.0454545,41.71428571,15.66666667,7.853333333,199.3333333,23.02333333,2.589483801,103
2010,Clark Fork River above Missoula,MS,8/1/2010,10-Aug,120.95,50.28571429,13.26666667,7.723333333,189,17.6,1.978567331,49
2010,Clark Fork River above Missoula,MS,9/10/2010,10-Sep,71.9826087,30.72727273,13.26666667,7.723333333,189,17.6,1.978567331,82
2011,Clark Fork River above Missoula,MS,8/3/2011,11-Aug,24.07692308,9.785714286,12.1,8.36,130.3333333,18.1,3.300223154,61
2011,Clark Fork River above Missoula,MS,9/5/2011,11-Sep,51.47619048,25.33333333,12.1,8.36,130.3333333,18.1,3.300223154,92
2012,Clark Fork River above Missoula,MS,8/3/2012,12-Aug,83.65,38.75,11.75,8.345,165.0766667,12.74,2.611839472,104
2012,Clark Fork River above Missoula,MS,9/3/2012,12-Sep,63.28571429,27.42857143,11.75,8.345,165.0766667,12.74,2.611839472,130
2013,Clark Fork River above Missoula,MS,8/3/2013,13-Aug,74.38095238,34.47619048,16.4,8.205,155.005,11.65,2.183447242,85
2013,Clark Fork River above Missoula,MS,9/2/2013,13-Sep,93.38095238,37.95238095,16.4,8.205,155.005,11.65,2.183447242,114
2014,Clark Fork River above Missoula,MS,8/16/2014,14-Aug,92.16666667,36.31666667,13.4,7.74,151.5,11.55,2.574472174,80
2015,Clark Fork River above Missoula,MS,7/3/2015,15-Jul,116.8148148,91.59259259,16.5,7.985,265,15.7,1.648348951,31
2015,Clark Fork River above Missoula,MS,8/3/2015,15-Aug,61.76190476,22.04761905,16.5,7.985,265,15.7,1.648348951,64
2015,Clark Fork River above Missoula,MS,9/4/2015,15-Sep,76.0952381,27.95238095,16.5,7.985,265,15.7,1.648348951,97
2016,Clark Fork River above Missoula,MS,7/12/2016,16-Jul,114.755814,76.10093023,12.15,8.5,321,50.7,1.723076391,63
2016,Clark Fork River above Missoula,MS,8/31/2016,16-Aug,67.76190476,28.48571429,12.15,8.5,321,50.7,1.723076391,107
2017,Clark Fork River above Missoula,MS,7/6/2017,17-Jul,28.36111111,18.24444444,12.4,8.32,180,10.85,2.386980188,26
2017,Clark Fork River above Missoula,MS,8/4/2017,17-Aug,106.6142857,56.6,12.4,8.32,180,10.85,2.386980188,55
2017,Clark Fork River above Missoula,MS,9/1/2017,17-Sep,68.82857143,47.53333333,12.4,8.32,180,10.85,2.386980188,83
2018,Clark Fork River above Missoula,MS,8/6/2018,18-Aug,97.54761905,22.12380952,14.4,8.465,138.5,15.45,3.49418121,89
2018,Clark Fork River above Missoula,MS,9/10/2018,18-Sep,66.75714286,17.14285714,14.4,8.465,138.5,15.45,3.49418121,122
2019,Clark Fork River above Missoula,MS,7/20/2019,19-Jul,122.8006098,79.84019512,13.45,8.285,125,29.5,2.505807209,60
2019,Clark Fork River above Missoula,MS,8/4/2019,19-Aug,108.2,53.43619048,13.45,8.285,125,29.5,2.505807209,81
2019,Clark Fork River above Missoula,MS,9/2/2019,19-Sep,101.85,29.71428571,13.45,8.285,125,29.5,2.505807209,112
2020,Clark Fork River above Missoula,MS,7/22/2020,20-Jul,39.09814815,68.23259259,,,200,16,2.784230232,61
2020,Clark Fork River above Missoula,MS,8/6/2020,20-Aug,119.3466667,117.93375,,,200,16,2.784230232,79
2020,Clark Fork River above Missoula,MS,9/3/2020,20-Sep,92.82,36.91714286,,,200,16,2.784230232,109
2021,Clark Fork River above Missoula,MS,8/5/2021,21-Aug,196.8571429,45.19047619,,,,,2.287478555,65
2021,Clark Fork River above Missoula,MS,9/4/2021,21-Sep,103.7619048,46.33333333,,,,,2.287478555,95
2022,Clark Fork River above Missoula,MS,7/24/2022,22-Jul,88.92817561,29.70731707,20.5,8.315,126.6666667,12.33333333,2.138607821,42
2022,Clark Fork River above Missoula,MS,9/1/2022,22-Sep,95.71087619,40.71428571,20.5,8.315,126.6666667,12.33333333,2.138607821,87
2008,Clark Fork River at Bonita,BN,8/1/2008,8-Aug,112.75,103.72,,,,,1.046616625,65
2008,Clark Fork River at Bonita,BN,9/1/2008,8-Sep,259.4736842,64.3,,,,,1.046616625,93
2009,Clark Fork River at Bonita,BN,8/1/2009,9-Aug,144.8571429,111.7,16.76666667,8.373333333,261,36.39666667,1.143424897,73
2009,Clark Fork River at Bonita,BN,9/6/2009,9-Sep,225.6190476,56.35,16.76666667,8.373333333,261,36.39666667,1.143424897,104
2010,Clark Fork River at Bonita,BN,8/1/2010,10-Aug,61.98947368,68.68421053,14.3,8.206666667,217.6666667,36.3,1.208041372,48
2010,Clark Fork River at Bonita,BN,9/10/2010,10-Sep,138.3571429,82.45,14.3,8.206666667,217.6666667,36.3,1.208041372,83
2011,Clark Fork River at Bonita,BN,8/1/2011,11-Aug,34.875,16.44444444,13.05,8.43,182.3333333,39.6,1.653778199,59
2011,Clark Fork River at Bonita,BN,9/3/2011,11-Sep,69.55555556,17.2,13.05,8.43,182.3333333,39.6,1.653778199,90
2012,Clark Fork River at Bonita,BN,7/31/2012,12-Jul,216.1428571,122.7619048,12.95,8.335,312.55,22.82666667,0.877677629,88
2012,Clark Fork River at Bonita,BN,9/1/2012,12-Sep,167.85,71.28571429,12.95,8.335,312.55,22.82666667,0.877677629,128
2013,Clark Fork River at Bonita,BN,6/28/2013,13-Jun,99,78.0952381,15.75,8.28,213.695,14.075,0.617758401,28
2013,Clark Fork River at Bonita,BN,8/4/2013,13-Aug,111.952381,60.61904762,15.75,8.28,213.695,14.075,0.617758401,68
2013,Clark Fork River at Bonita,BN,9/1/2013,13-Sep,119.6190476,63.47619048,15.75,8.28,213.695,14.075,0.617758401,96
2014,Clark Fork River at Bonita,BN,8/16/2014,14-Aug,129.372093,79.19767442,14.15,8.255,230.5,33.5,0.962182443,157
2015,Clark Fork River at Bonita,BN,7/1/2015,15-Jul,68.9047619,97.76190476,13,8.355,261,21.15,0.728035257,32
2015,Clark Fork River at Bonita,BN,8/1/2015,15-Aug,179.15,151.9,13,8.355,261,21.15,0.728035257,63
2015,Clark Fork River at Bonita,BN,9/7/2015,15-Sep,57.04761905,26.52380952,13,8.355,261,21.15,0.728035257,99
2016,Clark Fork River at Bonita,BN,7/17/2016,16-Jul,185.3513514,178.8008108,13,8.52,541.5,76.45,0.685539688,49
2016,Clark Fork River at Bonita,BN,9/4/2016,16-Sep,96.27272727,60.10454545,13,8.52,541.5,76.45,0.685539688,102
2017,Clark Fork River at Bonita,BN,7/5/2017,17-Jul,21.73529412,24.08235294,12.9,8.225,272.5,14.7,1.347684836,26
2017,Clark Fork River at Bonita,BN,8/2/2017,17-Aug,25.86190476,16.04285714,12.9,8.225,272.5,14.7,1.347684836,53
2017,Clark Fork River at Bonita,BN,9/3/2017,17-Sep,58.45238095,31.16190476,12.9,8.225,272.5,14.7,1.347684836,84
2018,Clark Fork River at Bonita,BN,8/4/2018,18-Aug,24.37142857,27.97142857,15.15,8.455,216,33.65,1.440210036,47
2018,Clark Fork River at Bonita,BN,9/4/2018,18-Sep,65.22857143,14.67619048,15.15,8.455,216,33.65,1.440210036,77
2019,Clark Fork River at Bonita,BN,7/23/2019,19-Jul,69.41688889,72.5528,18.65,8.58,190,27.66666667,1.134115991,103
2019,Clark Fork River at Bonita,BN,8/30/2019,19-Aug,117.65,55.81333333,18.65,8.58,190,27.66666667,1.134115991,137
2020,Clark Fork River at Bonita,BN,7/24/2020,20-Jul,55.5865,77.21176471,,,,,1.138779956,62
2020,Clark Fork River at Bonita,BN,8/5/2020,20-Aug,69.39333333,27.51904762,,,,,1.138779956,78
2020,Clark Fork River at Bonita,BN,9/1/2020,20-Sep,144.4933333,29.92238095,,,,,1.138779956,107
2021,Clark Fork River at Bonita,BN,7/13/2021,21-Jul,186.2727273,137.1363636,,,230,17.5,0.76356982,48
2021,Clark Fork River at Bonita,BN,8/3/2021,21-Aug,185,96.42857143,,,230,17.5,0.76356982,73
2021,Clark Fork River at Bonita,BN,9/1/2021,21-Sep,185.7619048,66.61904762,,,230,17.5,0.76356982,102
2022,Clark Fork River at Bonita,BN,7/15/2022,22-Jul,66.88216667,62.61904762,22.05,8.395,176.6666667,19.33333333,0.875662294,34
2022,Clark Fork River at Bonita,BN,8/3/2022,22-Aug,145.048281,39.71428571,22.05,8.395,176.6666667,19.33333333,0.875662294,57
2022,Clark Fork River at Bonita,BN,9/1/2022,22-Sep,87.89594762,43.23809524,22.05,8.395,176.6666667,19.33333333,0.875662294,86
2008,Clark Fork River at Deer Lodge,DL,8/1/2008,8-Aug,172.0714286,79.77142857,,,,,1.89677209,67
2008,Clark Fork River at Deer Lodge,DL,9/1/2008,8-Sep,200.85,45.145,,,,,1.89677209,94
2009,Clark Fork River at Deer Lodge,DL,8/1/2009,9-Aug,181.047619,51.1,17.66666667,8.503333333,,29.22333333,2.070196678,66
2009,Clark Fork River at Deer Lodge,DL,9/6/2009,9-Sep,502.9047619,91.8,17.66666667,8.503333333,,29.22333333,2.070196678,98
2010,Clark Fork River at Deer Lodge,DL,8/1/2010,10-Aug,54.86842105,39.375,14.9,8.513333333,319.3333333,78.73333333,2.35081173,49
2010,Clark Fork River at Deer Lodge,DL,9/10/2010,10-Sep,155.67,46,14.9,8.513333333,319.3333333,78.73333333,2.35081173,84
2011,Clark Fork River at Deer Lodge,DL,8/1/2011,11-Aug,66.19047619,16.23809524,11.65,8.445,304,50.3,2.71448357,55
2011,Clark Fork River at Deer Lodge,DL,9/3/2011,11-Sep,44.76470588,11.11111111,11.65,8.445,304,50.3,2.71448357,86
2012,Clark Fork River at Deer Lodge,DL,7/31/2012,12-Jul,110.0952381,50.04761905,12.35,8.51,408.8133333,22.50666667,1.713502327,48
2012,Clark Fork River at Deer Lodge,DL,9/1/2012,12-Sep,180.7142857,58.33333333,12.35,8.51,408.8133333,22.50666667,1.713502327,89
2013,Clark Fork River at Deer Lodge,DL,6/28/2013,13-Jun,244.9,71.35,14.9,8.23,502.9166667,19.13666667,1.145438813,29
2013,Clark Fork River at Deer Lodge,DL,8/4/2013,13-Aug,331.4482759,110.5714286,14.9,8.23,502.9166667,19.13666667,1.145438813,70
2013,Clark Fork River at Deer Lodge,DL,9/1/2013,13-Sep,168.1153846,80.96153846,14.9,8.23,502.9166667,19.13666667,1.145438813,97
2014,Clark Fork River at Deer Lodge,DL,8/16/2014,14-Aug,225.0666667,65.13333333,13.1,8.59,320,24.95,1.669045921,48
2015,Clark Fork River at Deer Lodge,DL,7/1/2015,15-Jul,188.9047619,74.19047619,11.7,8.385,406,12.55,1.536522781,30
2015,Clark Fork River at Deer Lodge,DL,8/1/2015,15-Aug,235.2857143,103.1428571,11.7,8.385,406,12.55,1.536522781,64
2015,Clark Fork River at Deer Lodge,DL,9/5/2015,15-Sep,158.3809524,50.85714286,11.7,8.385,406,12.55,1.536522781,98
2016,Clark Fork River at Deer Lodge,DL,7/17/2016,16-Jul,389.1023256,118.6211628,11,8.205,294.5,19.4,1.380585035,55
2016,Clark Fork River at Deer Lodge,DL,9/4/2016,16-Sep,260.6904762,81.25,11,8.205,294.5,19.4,1.380585035,108
2017,Clark Fork River at Deer Lodge,DL,7/5/2017,17-Jul,105.9761905,53.1,10.65,8.185,530.6666667,16.86666667,2.421706352,25
2017,Clark Fork River at Deer Lodge,DL,8/2/2017,17-Aug,190.5857143,99.56190476,10.65,8.185,530.6666667,16.86666667,2.421706352,55
2017,Clark Fork River at Deer Lodge,DL,9/3/2017,17-Sep,76.86666667,61.25238095,10.65,8.185,530.6666667,16.86666667,2.421706352,84
2018,Clark Fork River at Deer Lodge,DL,8/4/2018,18-Aug,75.8,43.48461538,14,8.175,348,30.4,2.862776401,46
2018,Clark Fork River at Deer Lodge,DL,9/4/2018,18-Sep,74.23333333,28.5952381,14,8.175,348,30.4,2.862776401,76
2019,Clark Fork River at Deer Lodge,DL,7/22/2019,19-Jul,201.9852608,66.87256236,13.75,8.205,345,25.5,2.193633988,62
2019,Clark Fork River at Deer Lodge,DL,8/30/2019,19-Aug,188.9727273,75.89090909,13.75,8.205,345,25.5,2.193633988,98
2020,Clark Fork River at Deer Lodge,DL,7/24/2020,20-Jul,103.0286667,33.006,,,295,17,2.444881103,34
2020,Clark Fork River at Deer Lodge,DL,8/5/2020,20-Aug,274.349375,75.960625,,,295,17,2.444881103,50
2020,Clark Fork River at Deer Lodge,DL,9/1/2020,20-Sep,101.8771429,38.15952381,,,295,17,2.444881103,79
2021,Clark Fork River at Deer Lodge,DL,7/13/2021,21-Jul,120.4285714,41.9047619,,,335,21,1.489310281,38
2021,Clark Fork River at Deer Lodge,DL,8/3/2021,21-Aug,139.5714286,37.19047619,,,335,21,1.489310281,63
2021,Clark Fork River at Deer Lodge,DL,9/2/2021,21-Sep,101.4878049,30.80952381,,,335,21,1.489310281,91
2022,Clark Fork River at Deer Lodge,DL,7/15/2022,22-Jul,187.839265,33.55,14.1,8.28,300,12,1.793891054,34
2022,Clark Fork River at Deer Lodge,DL,8/3/2022,22-Aug,175.9389958,87.08333333,14.1,8.28,300,12,1.793891054,56
2022,Clark Fork River at Deer Lodge,DL,9/3/2022,22-Sep,208.5242,201.6956522,14.1,8.28,300,12,1.793891054,88
2008,Clark Fork River at Huson,HU,8/1/2008,8-Aug,11.05,6.205,,,,,4.063450247,82
2008,Clark Fork River at Huson,HU,9/1/2008,8-Sep,43.15,7.725,,,,,4.063450247,109
2009,Clark Fork River at Huson,HU,8/2/2009,9-Aug,39.19047619,9.6,19.36666667,8.473333333,263.6666667,16.75333333,4.051987741,68
2009,Clark Fork River at Huson,HU,9/5/2009,9-Sep,51.33333333,14.57894737,19.36666667,8.473333333,263.6666667,16.75333333,4.051987741,97
2010,Clark Fork River at Huson,HU,8/1/2010,10-Aug,63.74545455,20.42857143,21.73333333,8.18,245.3333333,20.46666667,3.277832523,61
2010,Clark Fork River at Huson,HU,9/10/2010,10-Sep,93.32857143,24.15,21.73333333,8.18,245.3333333,20.46666667,3.277832523,94
2011,Clark Fork River at Huson,HU,8/2/2011,11-Aug,16.80952381,6.8,14.05,8.4,203.595,21.825,4.655579299,63
2011,Clark Fork River at Huson,HU,9/4/2011,11-Sep,60,10.66666667,14.05,8.4,203.595,21.825,4.655579299,92
2012,Clark Fork River at Huson,HU,8/1/2012,12-Aug,25.33333333,5.333333333,14.7,8.42,222.9975,15.3475,3.959093154,104
2012,Clark Fork River at Huson,HU,9/2/2012,12-Sep,47.33333333,9.380952381,14.7,8.42,222.9975,15.3475,3.959093154,129
2013,Clark Fork River at Huson,HU,7/31/2013,13-Jul,14,5.285714286,14.1,8.36,273.57,17.855,3.450648743,73
2013,Clark Fork River at Huson,HU,8/31/2013,13-Aug,22.85714286,4.238095238,14.1,8.36,273.57,17.855,3.450648743,106
2014,Clark Fork River at Huson,HU,8/15/2014,14-Aug,25.32432432,9.134210526,14.3,8.08,170.6666667,15.2,3.941431684,82
2015,Clark Fork River at Huson,HU,8/2/2015,15-Aug,15.88888889,6.1,13.85,8.52,220.5,17.8,2.658903428,63
2015,Clark Fork River at Huson,HU,9/6/2015,15-Sep,93.76190476,14.04761905,13.85,8.52,220.5,17.8,2.658903428,98
2016,Clark Fork River at Huson,HU,7/29/2016,16-Jul,40.07142857,15.7,14.45,8.305,250,19.66666667,2.795344968,76
2016,Clark Fork River at Huson,HU,9/3/2016,16-Sep,70.33333333,15.6047619,14.45,8.305,250,19.66666667,2.795344968,120
2017,Clark Fork River at Huson,HU,8/1/2017,17-Aug,25.82,8.97,15.05,8.145,256.5,14.35,3.685294472,52
2017,Clark Fork River at Huson,HU,9/2/2017,17-Sep,35.18571429,12.17142857,15.05,8.145,256.5,14.35,3.685294472,83
2018,Clark Fork River at Huson,HU,8/3/2018,18-Aug,26.85714286,10.13809524,17.3,8.165,234.5,17.1,4.879954251,87
2018,Clark Fork River at Huson,HU,9/5/2018,18-Sep,28.75714286,7.357142857,17.3,8.165,234.5,17.1,4.879954251,120
2019,Clark Fork River at Huson,HU,8/2/2019,19-Aug,29.04275,9.0455,20.4,8.485,190,14,3.976676186,80
2019,Clark Fork River at Huson,HU,9/1/2019,19-Sep,68.1,17.25,20.4,8.485,190,14,3.976676186,112
2020,Clark Fork River at Huson,HU,8/3/2020,20-Aug,35.84619048,11.68714286,19.25,8.25,155,12.5,4.165193538,76
2020,Clark Fork River at Huson,HU,9/2/2020,20-Sep,80.84666667,20.15380952,19.25,8.25,155,12.5,4.165193538,108
2021,Clark Fork River at Huson,HU,8/4/2021,21-Aug,62.95238095,16.19047619,,,155,16.5,3.621640384,65
2021,Clark Fork River at Huson,HU,9/2/2021,21-Sep,363.7142857,64.80952381,,,155,16.5,3.621640384,94
2022,Clark Fork River at Huson,HU,8/1/2022,22-Aug,43.62551875,14.6875,15.65,8.24,120,17,3.653606056,54
2022,Clark Fork River at Huson,HU,9/2/2022,22-Sep,68.8747619,23.04761905,15.65,8.24,120,17,3.653606056,87
2008,Clark Fork River below Missoula,BM,8/1/2008,8-Aug,62.85,15.315,,,,,4.063450247,81
2008,Clark Fork River below Missoula,BM,9/1/2008,8-Sep,73.2,13.565,,,,,4.063450247,110
2009,Clark Fork River below Missoula,BM,8/3/2009,9-Aug,38,10.75,15.6,8.306666667,228.3333333,19.83333333,4.051987741,68
2009,Clark Fork River below Missoula,BM,9/7/2009,9-Sep,360.7619048,40.7,15.6,8.306666667,228.3333333,19.83333333,4.051987741,99
2010,Clark Fork River below Missoula,BM,8/1/2010,10-Aug,66.4047619,20.52631579,13.06666667,8.236666667,233,19.66666667,3.277832523,61
2010,Clark Fork River below Missoula,BM,9/10/2010,10-Sep,138.8285714,31.95,13.06666667,8.236666667,233,19.66666667,3.277832523,95
2011,Clark Fork River below Missoula,BM,8/3/2011,11-Aug,44.28571429,13.0952381,16.1,8.396666667,171.6666667,20.93333333,4.655579299,61
2011,Clark Fork River below Missoula,BM,9/5/2011,11-Sep,39.33333333,8.428571429,16.1,8.396666667,171.6666667,20.93333333,4.655579299,93
2012,Clark Fork River below Missoula,BM,8/2/2012,12-Aug,32.76190476,12.04761905,17.96666667,8.263333333,215.63,15.75,3.959093154,103
2012,Clark Fork River below Missoula,BM,9/3/2012,12-Sep,161.3809524,27.80952381,17.96666667,8.263333333,215.63,15.75,3.959093154,130
2013,Clark Fork River below Missoula,BM,8/1/2013,13-Aug,22.80952381,8.047619048,17.4,8.36,271.875,13.125,3.450648743,83
2013,Clark Fork River below Missoula,BM,9/2/2013,13-Sep,81.42857143,14.47619048,17.4,8.36,271.875,13.125,3.450648743,115
2014,Clark Fork River below Missoula,BM,7/31/2014,14-Jul,44.15789474,14.63684211,13.3,8.085,159,14.35,3.941431684,58
2014,Clark Fork River below Missoula,BM,9/1/2014,14-Sep,123.6666667,19.53809524,13.3,8.085,159,14.35,3.941431684,101
2015,Clark Fork River below Missoula,BM,7/4/2015,15-Jul,228.125,64.375,13.5,8.435,227.5,19.25,2.658903428,32
2015,Clark Fork River below Missoula,BM,8/3/2015,15-Aug,100.2380952,24.76190476,13.5,8.435,227.5,19.25,2.658903428,64
2015,Clark Fork River below Missoula,BM,9/7/2015,15-Sep,76.33333333,16.33333333,13.5,8.435,227.5,19.25,2.658903428,99
2016,Clark Fork River below Missoula,BM,7/13/2016,16-Jul,252.7425,70.22975,12.1,8.27,268.5,23.2,2.795344968,65
2016,Clark Fork River below Missoula,BM,9/2/2016,16-Sep,285.7619048,51.02380952,12.1,8.27,268.5,23.2,2.795344968,120
2017,Clark Fork River below Missoula,BM,7/4/2017,17-Jul,13.5047619,5.071428571,12.15,8.09,196,15.6,3.685294472,26
2017,Clark Fork River below Missoula,BM,8/5/2017,17-Aug,24.99047619,6.585714286,12.15,8.09,196,15.6,3.685294472,56
2017,Clark Fork River below Missoula,BM,9/1/2017,17-Sep,175.8380952,47.01904762,12.15,8.09,196,15.6,3.685294472,83
2018,Clark Fork River below Missoula,BM,8/5/2018,18-Aug,42.51052632,11.46315789,15.8,8.335,180.5,17.45,4.879954251,90
2018,Clark Fork River below Missoula,BM,9/10/2018,18-Sep,148.3619048,23.26666667,15.8,8.335,180.5,17.45,4.879954251,123
2019,Clark Fork River below Missoula,BM,8/3/2019,19-Aug,44.315,15.06725,13.6,8.275,170,14,3.976676186,81
2019,Clark Fork River below Missoula,BM,9/3/2019,19-Sep,253.4,58.55,13.6,8.275,170,14,3.976676186,112
2020,Clark Fork River below Missoula,BM,8/4/2020,20-Aug,55.13571429,17.42095238,,,155,20.5,4.165193538,77
2020,Clark Fork River below Missoula,BM,9/2/2020,20-Sep,116.3857143,24.88333333,,,155,20.5,4.165193538,107
2021,Clark Fork River below Missoula,BM,7/14/2021,21-Jul,57.33333333,16.38095238,,,130,15,3.621640384,40
2021,Clark Fork River below Missoula,BM,8/2/2021,21-Aug,59.19047619,14.04761905,,,130,15,3.621640384,65
2022,Clark Fork River below Missoula,BM,7/25/2022,22-Jul,53.86095714,16.71428571,15.05,8.295,220,31.66666667,3.653606056,40
2022,Clark Fork River below Missoula,BM,9/2/2022,22-Sep,116.1640619,21.04761905,15.05,8.295,220,31.66666667,3.653606056,87
